INSERT INTO UNITS (ID, CODE, VERSION, CREATED_ON, MODIFIED_ON) VALUES
    (1000, 'GRAMME', 0, CURRENT_TIMESTAMP, CURRENT_TIMESTAMP),
    (1001, 'PIECE', 0, CURRENT_TIMESTAMP, CURRENT_TIMESTAMP),
    (1002, 'TABLESPOON', 0, CURRENT_TIMESTAMP, CURRENT_TIMESTAMP),
    (1003, 'TEASPOON', 0, CURRENT_TIMESTAMP, CURRENT_TIMESTAMP),
    (1004, 'LITER', 0, CURRENT_TIMESTAMP, CURRENT_TIMESTAMP),
    (1005, 'SOME', 0, CURRENT_TIMESTAMP, CURRENT_TIMESTAMP);

INSERT INTO FOODS (ID, NAME, VERSION, CREATED_ON, MODIFIED_ON) VALUES
	(2000, 'Champignons', 0, CURRENT_TIMESTAMP, CURRENT_TIMESTAMP),
	(2001, 'gekochter Schinken', 0, CURRENT_TIMESTAMP, CURRENT_TIMESTAMP),
	(2002, 'Cherrytomaten', 0, CURRENT_TIMESTAMP, CURRENT_TIMESTAMP),
	(2003, 'getrockneter Schnittlauch', 0, CURRENT_TIMESTAMP, CURRENT_TIMESTAMP),
	(2004, 'Zitronensaft', 0, CURRENT_TIMESTAMP, CURRENT_TIMESTAMP),
	(2005, 'Nudeln', 0, CURRENT_TIMESTAMP, CURRENT_TIMESTAMP);

INSERT INTO RECIPES (ID, NAME, INSTRUCTION, VERSION, CREATED_ON, MODIFIED_ON) VALUES
    (3000, 'Pilzpfanne in Zitronenrahm', 'Pilze sch채len und in kleine St체cke schneiden. Gekochten Schinken in W체rfel schneiden und zusammen mit den Pilzen anbraten...', 0, CURRENT_TIMESTAMP, CURRENT_TIMESTAMP),
	(3001, 'Schinkennudeln', 'Nudeln bissfest kochen. Gekochter Schinken in W체rfel schneiden und zusammen mit den Nudeln braten', 0, CURRENT_TIMESTAMP, CURRENT_TIMESTAMP);

INSERT INTO INGREDIENTS (ID, QUANTITY, UNIT_ID, FOOD_ID, RECIPE_ID, VERSION, CREATED_ON, MODIFIED_ON) VALUES
	(4000, 600, 1000, 2000, 3000, 0, CURRENT_TIMESTAMP, CURRENT_TIMESTAMP),
	(4001, 100, 1000, 2001, 3000, 0, CURRENT_TIMESTAMP, CURRENT_TIMESTAMP),
	(4002, 12, 1001, 2002, 3000, 0, CURRENT_TIMESTAMP, CURRENT_TIMESTAMP),
	(4003, 3, 1002, 2003, 3000, 0, CURRENT_TIMESTAMP, CURRENT_TIMESTAMP),
	(4004, 1, 1005, 2004, 3000, 0, CURRENT_TIMESTAMP, CURRENT_TIMESTAMP),
	(4005, 500, 1000, 2005, 3001, 0, CURRENT_TIMESTAMP, CURRENT_TIMESTAMP),
	(4006, 200, 1000, 2001, 3001, 0, CURRENT_TIMESTAMP, CURRENT_TIMESTAMP);
	
	